,theatre,by,school,day,bus
theatre,0.0,0.3333333333333333,0.0,0.0,0.25
by,0.3333333333333333,0.0,0.375,1.0,0.7777777777777777
school,0.0,0.375,0.0,0.3333333333333333,0.2
day,0.0,1.0,0.3333333333333333,0.0,0.5
bus,0.25,0.7777777777777777,0.2,0.5,0.0
