,theatre,by,school,day,bus
theatre,,0.5849625007211562,,,1.0000000000000002
by,0.5849625007211562,,0.5849625007211562,0.5849625007211562,0.5849625007211566
school,,0.5849625007211562,,0.5849625007211562,3.2034265038149176e-16
day,,0.5849625007211562,0.5849625007211562,,3.2034265038149176e-16
bus,1.0000000000000002,0.5849625007211566,3.2034265038149176e-16,3.2034265038149176e-16,
